country,keywords
Afghanistan,"Hot,Dry,Arid,Humid,Temperate,Mountainous,Desert,Extreme,Continental,Cold,Windy,Severe,Variable,Rainy,Unpredictable,Snowy,Monsoonal,Subtropical,Unstable,Harsh"
Albania,"Mediterranean,Mild,Temperate,Hot Summers,Cold Winters,Rainy,Snowy,Humid,Sunny,Windy,Changeable,Oceanic,Continental,Mountainous,Coastal,Mediterranean Climate,Alpine Climate,Subtropical Climate,Mediterranean-Continental Climate,Mediterranean-Mountain Climate"
Algeria,"Hot,Arid,Dry,Mediterranean,Humid,Subtropical,Desert,Mild,Temperate,Continental,Summer,Winter,Spring,Fall,Rainy,Windy,Stormy,Sunny,Cloudy,Variable"
American Samoa,"Tropical,Humid,Hot,Wet,Rainy,Oceanic,Maritime,Warm,Temperate,Mild,Summer,Windy,Stormy,Monsoons,Cyclones,Hurricanes,Cloudy,Humidity,Sunshine,Tropical Storms"
Andorra,"Mild,Temperate,Mediterranean,Alpine,Snowy,Rainy,Dry,Humid,Hot Summers,Cold Winters,Low Precipitation,High Altitude,Mountainous,Windy,Sunny,Cloudy,Foggy,Variable,Pleasant,Moderate"
Angola,"Hot,Humid,Tropical,Rainy,Wet,Dry,Desert,Arid,Monsoon,Rainforest,Savannah,Subtropical,Mild,Temperate,Windy,Stormy,Seasonal,Variable,Coastal,Mountainous"
Anguilla,"Tropical,Humid,Warm,Arid,Sunny,Mild,Hot,Rainy,Dry,Breezy,Humid,Pleasant,Balmy,Cool,Rainfall,Temperatures,Trade Winds,Low Humidity,Low Precipitation,Sea Breezes"
Antigua & Barbuda,"Tropical,Humid,Hot,Rainy,Warm,Arid,Sunny,Windy,Mild,Humid Subtropical,Monsoon,Dry,Mild Winters,Cool Nights,High Temperatures,Trade Winds,Low Humidity,Ocean Breezes,Seasonal Rainfall,High Humidity"
Argentina,"Humid,Temperate,Variable,Subtropical,Mild,Hot,Dry,Rainy,Windy,Snowy,Cool,Warm,Oceanic,Semi-arid,Polar,Mediterranean,Continental,Subarctic,Alpine,Desert"
Armenia,"Mild,Temperate,Continental,Four Seasons,Hot Summers,Cold Winters,Rainy Spring,Dry Autumn,Mountainous,Humid,Arid,Sunny,Snowy,Mediterranean,Windy,Extremely Cold,Extremely Hot,High Altitude,Variable,Changeable"
Aruba,"Tropical,Arid,Hot,Humid,Sunny,Warm,Dry,Windy,Rainy Season,Temperatures,Mild,Constant,Ocean Breeze,Humidity,Cooling Trade Winds,Little Rainfall,Pleasant,Year-Round Sunshine,Rain Showers,Comfortable Climate"
Australia,"Hot,Dry,Humid,Temperate,Tropical,Arid,Mild,Rainy,Sunny,Windy,Cool,Wet,Changeable,Coastal,Desert,Monsoonal,Oceanic,Subtropical,Continental,Mediterranean"
Austria,"Cold,Temperate,Snowy,Humid,Alpine,Rainy,Mild,Continental,Summers,Winters,Damp,Windy,Foggy,Sunny,Oceanic,Variable,Breezy,Sub-alpine,Polar,Arctic"
Azerbaijan,"Hot,Humid,Semi-arid,Subtropical,Mediterranean,Mild Winters,Warm Summers,Rainy,Snowy,Windy,Dry,Continental,Temperate,Arid,Variable,Sunny,Variable Rainfall,Harsh Winters,Hot Summers,Mountainous"
Bahamas,"Tropical,Humid,Hot,Warm,Sunny,Rainy,Windy,Mild,Arid,Subtropical,Mild winters,Hot summers,Humid summers,Dry season,Wet season,Hurricane season,Oceanic climate,Caribbean climate,Low elevation,High temperatures"
Bahrain,"Humid,Hot,Arid,Sunny,Dry,Temperatures,Rainfall,Windy,Summer,Winter,Mild,Coastal,Subtropical,Desert,Oceanic,Tropical,Humidity,Rainy,Dusty,Thunderstorms"
Bangladesh,"Humid,Monsoons,Hot,Tropical,Rainy,Wet,Summer,Winter,Dry,Storms,Windy,Rainfall,Cyclones,Floods,Heat Waves,Humidity,Foggy,Jhum Cultivation,Sea Level Rise,Air Pollution"
Barbados,"Tropical,Humid,Hot,Wet,Sunny,Rainy,Windy,Warm,Dry,Mild,Pleasant,Cool,Hotter,Sunnier,Humidified,Drier,Cooler,Breezy,Rainfall,Temperatures"
Belarus,"Humid,Continental,Mild,Temperate,Changeable,Variable,Moderate,Rainy,Summers,Winters,Warm,Cool,Snowy,Stormy,Foggy,Cloudy,Breezy,Humid continental,Four seasons,Precipitation"
Belgium,"Mild,Temperate,Maritime,Oceanic,Humid,Rainy,Moderate,Variable,Changeable,Cool,Four Seasons,Summer,Winter,Spring,Autumn,Cloudy,Foggy,Windy,Stormy,Precipitation"
Belize,"Tropical,Humid,Rainy,Hot,Wet,Mild,Warm,Sunny,Dry,Cool,Breezy,Humid,Muggy,Pleasant,Variable,Comfortable,Changeable,Mildly Hot,Mildly Cool,Seasonal"
Benin,"Humid,Tropical,Rainy,Hot,Monsoons,Wet,Dry,Temperatures,Rainfall,Humidity,Sunshine,Storms,Windy,Seasons,Coastal,Arid,Cool,Savannah,Subtropical,Intertropical Convergence Zone (ITCZ)"
Bermuda,"Warm,Humid,Subtropical,Oceanic,Mild,Temperate,Rainy,Hot,Sunny,Breezy,Pleasant,Calm,Humid Subtropical,Oceanic Climate,Tropical Storms,High Humidity,Mild Winters,Summer Heat,Hurricane Season,Year-Round Sunshine"
Bhutan,"Subtropical,Humid,Monsoon,Mild,Temperate,Mountainous,Rainy,Snowy,Warm,Cool,Hot,Dry,Cooler,Wet,Windy,Variable,Moderate,Changeable,Pleasant,Milder"
Bolivia,"Tropical,Semi-arid,Subtropical,Humid,Dry,Hot,Cold,Variable,Temperate,Rainy,Windy,Snowy,Mountainous,Desert,Mild,Arctic,Alpine,Oceanic,Subarctic,Continental"
Bosnia & Herzegovina,"Mediterranean,Continental,Hot summers,Cold winters,Rainy,Snowy,Humid,Sunny,Windy,Mild,Temperate,High precipitation,Thunderstorms,Foggy,Pleasant,Variable,Oceanic,Mountainous,Arid,Moderate"
Botswana,"Semi-arid,Sub-tropical,Hot,Dry,Low Humidity,High Temperatures,Rainy Season,Long Summers,Short Winters,Little Snow,Windy,Dusty,Cool Nights,High UV Index,Monsoons,Thunderstorms,Hailstorms,Foggy,Humid,Variable"
Brazil,"Tropical,Humid,Hot,Rainy,Dry,Subtropical,Temperate,Mild,Warm,Monsoons,Windy,Humid Subtropical,Oceanic,Desert,Alpine,High Altitude,Equatorial,Cool,Wet,Seasonal"
British Virgin Is.,"Tropical,Hot,Humid,Semi-arid,Wet,Rainy,Windy,Dry,Mild,Oceanic,Sunny,Warm,Pleasant,Breezy,Cool,Arid,Monsoon,Variable,Humid Subtropical,Hot and Dry"
Brunei,"Humid,Hot,Tropical,Rainy,Monsoon,High Humidity,High Temperature,Warm,Mild,Seasonal,Humid Season,Dry Season,Inter-monsoon,Inter-tropical,Inter-tropical Convergence Zone,South-west Monsoon,North-east Monsoon,Inter-tropical Discontinuity,Inter-tropical Front,Inter-tropical Surface Wind"
Bulgaria,"Mediterranean,Continental,Hot summers,Mild winters,Rainfall,Snow,Humid,Temperatures,Mountainous,Subtropical,Arctic,Temperate,Winds,Storms,Fog,Blizzards,Droughts,Monsoons,Hail,Sunshine"
Burkina Faso,"Hot,Dry,Humid,Tropical,Arid,Subtropical,Rainy,Rainfall,Monsoon,Wet,Sahara,Summer,Winter,Temperatures,North,South,East,West,Sahel,Coastal"
Burma,"Humid,Tropical,Monsoonal,Hot,Subtropical,Rainy,Wet,Dry,Temperatures,Warm,Cool,Rainfall,Storms,Cyclones,Sunshine,Rainy season,Summer,Winter,Windy,Humidity"
Burundi,"Humid,Hot,Tropical,Rainy,Wet,Temperate,Dry,Cool,Arid,Mild,Windy,Humidity,Rainfall,Thunderstorms,Sunlight,Foggy,Cold,Monsoons,Seasons,Flooding"
Cambodia,"Tropical,Hot,Humid,Monsoon,Rainy,Dry,Warm,Mild,Cool,Seasonal,Temperatures,Rainfall,Storms,Floods,Drought,Humidity,Sunshine,Windy,Air Quality,Pollution"
Cameroon,"Humid,Tropical,Hot,Rainy,Temperatures,Rainforest,Monsoon,Dry,Savannah,Seasons,Humidity,Equatorial,Coastal,Wet,Cool,Mild,Windy,Mountainous,Rainfall,Variations"
Canada,"Cold,Snowy,Winter,Rain,Humid,Hot,Foggy,Windy,Sunny,Stormy,Mild,Arctic,Temperate,Cloudy,Freezing,Dry,Subarctic,Oceanic,Polar,Continental"
Cape Verde,"Subtropical,Warm,Arid,Hot,Humid,Dry,Tropical,Oceanic,Mild,Breezy,Temperatures,Pleasant,Cool,Rainy,Sunny,Humidity,Windy,Cooler,Hotter,Variable"
Cayman Islands,"Tropical,Maritime,Humid,Subtropical,Hot,Rainy,Wet,Moderate,Warm,Mild,Pleasant,Sunny,Breezy,Dry,Cool,Humidity,Windy,Temperatures,Thunderstorms,Hurricane season"
Central African Rep.,"Humid,Hot,Tropical,Wet,Rainy,Subtropical,Humid Subtropical,Monsoonal,Variable,Dry,Cool,Mild,Warm,Damp,Muggy,Windy,Temperate,Unpredictable,Variable Rainfall,Extremely Hot"
Chad,"Arid,Hot,Dry,Desert,Tropical,Humid,Rainy,Semi-arid,Temperate,Rainfall,Monsoon,Hot season,Cold season,Windy,Humidity,Subtropical,Saharan,Dusty,Stormy,Extremely variable"
Chile,"Dry,Hot,Humid,Desert,Subtropical,Coastal,Mediterranean,Temperate,Alpine,Cool,Rainy,Windy,Stormy,Mild,Variable,Arid,Tropical,Oceanic,Sunny,Snowy"
China,"Humid,Subtropical,Monsoon,Rainy,Hot,Dry,Temperate,Continental,Mild,Cool,Windy,Harsh,Variable,Dusty,Fickle,Unpredictable,Arid,Humid Subtropical,Oceanic,Polar"
Colombia,"Tropical,Hot,Humid,Rainy,Diverse,Changeable,Variable,Mountainous,Dry,Equatorial,Cool,Mild,Subtropical,Coastal,Monsoon,Temperate,Arid,Humid Subtropical,Oceanic,Continental"
Comoros,"Tropical,Humid,Hot,Wet,Rainy,Cyclones,Monsoons,Storms,High Temperatures,Humidity,Windy,Coastal,Maritime,Dry Season,Wet Season,Intertropical Convergence Zone,Indian Ocean,Maritime Influence,High Precipitation,Tropical Cyclones"
Congo,"Tropical,Humid,Hot,Rainy,Wet,Dry,Warm,Cool,Windy,Humid,Monsoon,Temperatures,Rainfall,Storms,Humidity,Seasonal,Equatorial,Subtropical,Mild,Variable"
Cook Islands,"Tropical,Humid,Hot,Warm,Rainy,Moist,Sub-tropical,Temperate,Mild,Pleasant,Breezy,Oceanic,Mild Winter,Summer Heat,Low Humidity,High Humidity,High Rainfall,Low Rainfall,Cool Nights,Hot Days"
Costa Rica,"Tropical,Humid,Warm,Rainy,Dry,Hot,Seasonal,Temperatures,Mild,Cool,Breezy,Monsoons,Wet,Humidity,Cool Nights,Cloudy,Windy,Stormy,Variations,Mild Winters"
Cote d'Ivoire,"Tropical,Humid,Hot,Rainy,Monsoons,Wet,Dry,Temperatures,Seasons,Humidity,Rainfall,Sunlight,Summer,Winter,Spring,Fall,Sunshine,Windy,Storms,Hurricanes"
Croatia,"Mediterranean,Warm,Humid,Hot Summers,Mild Winters,Rainy,Sunny,Humid Subtropical,Continental,Alpine,Oceanic,Temperatures,Rainfall,Snowfall,Humidity,Winds,Storms,Fog,Cloudy,Dry"
Cuba,"Humid,Tropical,Hot,Subtropical,Rainy,Warm,Mild,Humidity,Windy,Dry,Temperate,Cool,Mild Winters,Hot Summers,Rainy Season,Hurricane Season,Pleasant,Variable,Arid,Unpredictable"
Cyprus,"Mediterranean,Hot,Dry,Mild,Humid,Subtropical,Rainy,Temperate,Warm,Sunny,Windy,Mild Winters,Hot Summers,Rainfall,Snowfall,Long Summers,Short Springs,Moderate Autumns,Cool Nights,Pleasant Springs"
Czech Republic,"Temperate,Continental,Mild,Four Seasons,Hot Summers,Cold Winters,Rainy,Snowy,Humid,Windy,Oceanic,Variable,Stormy,Foggy,Dry,Mild Winters,Long Summers,Sunny,Cool Springs,Mild Autumns"
Denmark,"Mild,Temperate,Oceanic,Humid,Cool,Mild Summers,Cool Winters,Rainy,Windy,Variable,Changeable,Unpredictable,Maritime,Wet,Cloudy,Overcast,Stormy,Snowy,Foggy,Mild Winters"
Djibouti,"Hot,Arid,Dry,Semi-arid,Humid,Desert,Tropical,Monsoon,Rainy,Windy,Sunny,Rainfall,Temperatures,Humidity,Dusty,Scorching,Mild,Cool,Coastal,Extreme"
Dominica,"Tropical,Rainforest,Humid,Hot,Wet,Moderate,Mild,Warm,Cool,Breezy,Windy,Sunny,Rainy,Monsoons,Dry,Oceanic,Temperate,Cooler,Mountainous,Subtropical"
Dominican Republic,"Tropical,Humid,Hot,Rainy,Mild,Dry,Warm,Temperatures,Caribbean,Coastal,Mild Winters,Hot Summers,Rainfall,Monsoon,Humidity,Hurricanes,Windy,Oceanic,Mountainous,Arctic Fronts"
East Timor,"Tropical,Humid,Monsoon,Hot,Rainy,Dry,Wet,Temperatures,High,Low,Coastal,Mountainous,Humidity,Rainfall,Inter-tropical Convergence Zone,Cyclones,Drought,Storms,Fog,Windy"
Ecuador,"Subtropical,Tropical,Humid,Mild,Varied,Rainy,Wet,Dry,Mild,Temperate,Cool,Hot,Wet Season,Dry Season,High Altitude,Mountainous,Coastal,Equatorial,Oceanic,Continental"
Egypt,"Hot,Dry,Humid,Desert,Arid,Sunny,Warm,Temperatures,Extreme,Mediterranean,Coastal,Rainy,Subtropical,Rainfall,Windy,Foggy,Monsoons,Snowy,Stormy,Dusty"
El Salvador,"Tropical,Humid,Hot,Rainy,Dry,Seasonal,Warm,Cool,Windy,Stormy,Cloudy,Wet,Oceanic,Summery,Mild,Monsoon,Humid Subtropical,Volcanic,Arid,Temperate"
Equatorial Guinea,"Humid,Hot,Tropical,Rainy,Cloudy,Stormy,Wet,Dry,Windy,High Temperatures,High Humidity,Heavy Rainfall,Monsoon,Intertropical Convergence Zone,High Pressure System,Low Pressure System,Intermittent Sunshine,High Rainfall Intensity,Intermittent Thunderstorms,Intermittent Hailstorms"
Eritrea,"Hot,Humid,Dry,Arid,Desert,Tropical,Subtropical,Mediterranean,Monsoon,Rainy,Rainfall,Temperatures,Highs,Lows,Windy,Dusty,Humidified,Cooler,Coastal,Mountainous"
Estonia,"Mild,Temperate,Humid,Maritime,Oceanic,Continental,Cold,Wet,Windy,Rainy,Snowy,Summers,Mild Winters,Long Days,Short Nights,Frosty,Foggy,Cloudy,Changeable,Unpredictable"
Ethiopia,"Hot,Dry,Semi-arid,Tropical,Humid,Rainy,Temperate,Monsoon,Windy,Mild,Subtropical,High Altitude,Desert,Sub-humid,Cool,Wet,Mountainous,Rainforest,Pleasant,Variable"
Faroe Islands,"Mild,Maritime,Oceanic,Temperate,Windy,Humid,Rainy,Cloudy,Changeable,Cool,Stormy,Foggy,Mild Winters,Cool Summers,High Precipitation,Variable Precipitation,Mild Temperatures,Cool Temperatures,Atlantic Influence,North Atlantic Drift"
Fiji,"Tropical,Humid,Hot,Rainy,Warm,Mild,Pleasant,Oceanic,Moderate,Sunny,Mild winters,Heavy rainfall,Wet season,Dry season,High humidity,Trade winds,Cyclones,Monsoons,Cool nights,Hot days"
Finland,"Cold,Snowy,Temperate,Arctic,Wet,Humid,Arctic Ocean,Moderate,Sunny,Subarctic,Summers,Winters,Rainy,Windy,Mild,Long Days,Short Nights,Snowfall,Low Temperature,High Humidity"
France,"Mild,Temperate,Maritime,Oceanic,Mediterranean,Warm,Humid,Changeable,Rainy,Summers,Winters,Snowy,Cool,Hot,Mountainous,Alpine,Continental,Stormy,Foggy,Pleasant"
French Guiana,"Tropical,Humid,Hot,Rainy,Cloudy,Temperature,Rainforest,Monsoon,Equatorial,Trade Winds,Humidity,Intertropical Convergence Zone,Sunshine,Dry Season,Wet Season,Storms,Hurricanes,Cyclones,Floods,Droughts"
French Polynesia,"Warm,Tropical,Humid,Hot,Mild,Oceanic,Subtropical,Pleasant,Moderate,Rainy,Sunny,Dry,Cool,Breezy,Calm,Variable,Windy,Humid,Changeable,Pleasant"
Gabon,"Tropical,Humid,Rainforest,Hot,Wet,Equatorial,Tropical Rainforest,Rainy,Monsoon,High Temperatures,High Humidity,Heavy Rainfall,High Rainfall,Wet Season,Dry Season,Coastal Areas,Mountainous Areas,Long Summers,Short Winters,Year-round Heat"
Gambia,"Hot,Humid,Tropical,Dry,Rainy,Wet,Sunny,Windy,Temperatures,High,Low,Moderate,Monsoon,Rainfall,Humidity,Storms,Dusty,Dry season,Wet season,Seasons"
Gaza Strip,"Hot,Humid,Arid,Dry,Desert,Mediterranean,Subtropical,Hot Summers,Mild Winters,Rainy Season,Rainfall,Temperatures,Coastal,Humidity,Evaporation,Sun,Wind,Dusty,Sandstorms,Air Pollution"
Georgia,"Semi-humid,Subtropical,Mild Winters,Hot Summers,Rainy,Humid,Variable,Mild,Temperate,Generally Pleasant,Mountainous,Coastal,Variable Precipitation,Abundant Sunshine,Long Summers,Mild-to-Cool Winters,Fall Foliage,Heavy Thunderstorms,Tornadoes,Humid Subtropical Climate"
Germany,"Mild,Temperate,Humid,Continental,Oceanic,Four Seasons,Rainy,Cold Winters,Hot Summers,Variable,Stormy,Snowy,Foggy,Windy,Cloudy,Sunny,Dry,Mild Winters,Mild Summers,Mild Spring and Autumn"
Ghana,"Tropical,Humid,Hot,Rainy,Coastal,Dry,Wet,Warm,Cool,Temperate,Monsoon,Savannah,Rainforest,Sahara,Windy,Lowland,Highland,Equatorial,Intertropical Convergence Zone (ITCZ),Stormy"
Gibraltar,"Mild,Mediterranean,Subtropical,Oceanic,Temperate,Humid,Warm,Sunny,Rainy,Dry,Hot,Cool,Windy,Foggy,Calm,Variable,Mild Winters,Mild Summers,Occasional Snowfall,Occasional Thunderstorms"
Greece,"Mediterranean,Mild,Dry,Hot,Humid,Summers,Winters,Rainfall,Snow,Temperatures,Sunshine,Rainy,Storms,Coastal,Islands,Mountainous,Humidity,Windy,Foggy,Variable"
Greenland,"Cold,Arctic,Subarctic,Temperate,Polar,Oceanic,Humid,Windy,Dry,Snowy,Rainy,Glacial,Glaciers,Ice Sheets,Icebergs,Fjords,Tundra,Coastal,Long Summers,Short Winters"
Grenada,"Humid,Tropical,Hot,Rainy,Warm,Sunny,Pleasant,Dry,Windy,Humid Subtropical,Mild,Temperatures,Wet,Cool,Humidity,Rainfall,Breezy,Oceanic,Cool Nights,Mild Winters"
Guadeloupe,"Tropical,Humid,Warm,Hot,Rainy,Stormy,Windy,Mild,Trade Winds,High Humidity,Heavy Rains,Hurricanes,Sunshine,Temperatures,Dry Season,Wet Season,Monsoons,High Temperatures,Low Temperatures,Pleasant Weather"
Guam,"Humid,Tropical,Rainy,Hot,Sunny,Warm,Muggy,Mild,Monsoon,Typhoon,Wet,Dry,Windy,Oceanic,Temperate,Moderate,Stormy,Calm,Changeable,Variable"
Guatemala,"Tropical,Humid,Hot,Wet,Rainy,Dry,Mild,Subtropical,Mountainous,Monsoon,Cool,Variable,Temperate,Windy,Humid Subtropical,Oceanic,Highlands,Cooler,Humid Continental,Arid"
Guernsey,"Mild,Temperate,Oceanic,Humid,Mild Winters,Warm Summers,Rainy,Cloudy,Variable,Sunny,Windy,Atlantic,Cool,Changeable,Coastal,Stormy,Foggy,High Humidity,Low Precipitation,Mild Temperature Changes"
Guinea,"Humid,Tropical,Hot,Rainy,Wet,Monsoons,Dry Season,High Temperatures,Heavy Rainfall,High Humidity,High Heat Index,High UV Index,High Rainfall Intensity,High Wind Speeds,High Relative Humidity,Short Dry Season,Long Wet Season,High Thunderstorm Frequency,High Lightning Activity,High Rainfall Variability"
Guinea-Bissau,"Tropical,Humid,Hot,Wet,Rainy,Dry,Monsoon,Coastal,Savannah,Rainforest,Intertropical Convergence Zone,Harmattan,Dusty,Hot Season,Cool Season,High Temperatures,Low Temperatures,High Humidity,Low Humidity,Windy"
Guyana,"Tropical,Humid,Hot,Rainy,Wet,Monsoon,Wet Season,Dry Season,Intertropical Convergence Zone,Equatorial Climate,High Temperatures,High Humidity,High Rainfall,Heavy Downpours,Hurricanes,Thunderstorms,Floods,Droughts,Coastal Areas,Savannahs"
Haiti,"Humid,Tropical,Hot,Rainy,Dry,Monsoon,Windy,Stormy,Warm,Cool,Humidity,Rainfall,Drought,Flooding,Hurricanes,Tropical Storms,High Temperature,Low Temperature,Seasonal Variation,Variable Climate"
Honduras,"Tropical,Humid,Subtropical,Rainy,Hot,Dry,Warm,Temperatures,Mild,Seasons,Rainfall,Cool,Cooler,Arid,Variable,Storms,Hurricanes,Windy,Monsoon,Humidity"
Hong Kong,"Humid,Subtropical,Hot,Rainy,Warm,Mild,Monsoon,Typhoon,Thunderstorms,Foggy,Sunny,Windy,Humid Subtropical,Oceanic,Temperate,High Humidity,Mild Winters,Hot Summers,Extremely Wet,Variable Weather"
Hungary,"Temperate,Continental,Mild,Humid,Hot Summers,Cold Winters,Rainfall,Snowfall,Drought,Thunderstorms,Fog,Windy,Warm Springs,Cool Autumns,Sunny,Cloudy,Humid Continental,Oceanic,Mediterranean,Subarctic"
Iceland,"Cold,Windy,Humid,Arctic,Subarctic,Temperate,Oceanic,Wet,Snowy,Rainy,Cloudy,Mild,Stormy,Foggy,Dry,Cool,Warm,Variable,Breezy,Changeable"
India,"Hot,Humid,Monsoon,Tropical,Dry,Rainy,Mild,Seasonal,Temperate,Arid,Subtropical,Oceanic,Desert,Humid Subtropical,Continental,Mountainous,Coastal,Humid Continental,Subarctic,Alpine"
Indonesia,"Tropical,Humid,Rainy,Monsoon,Wet,Hot,Damp,Dry,Warm,Temperatures,Humidity,Rainfall,Inter-monsoon,Inter-tropical Convergence Zone,El Niño,La Niña,Cyclones,Storms,Floods,Droughts"
Iran,"Humid,Hot,Arid,Dry,Temperate,Mild,Desert,Mediterranean,Continental,Subtropical,Mountainous,Rainy,Windy,Snowy,Stormy,Foggy,Sunny,Humid Continental,Monsoon,Tropical"
Iraq,"Hot,Arid,Dry,Humid,Desert,Sunny,Temperatures,Extreme,Dusty,Windy,Extremely hot,Rainfall,Scorching,Subtropical,Summer,Monsoon,Mild winters,Intense heat,Humidity,Cool nights"
Ireland,"Mild,Temperate,Maritime,Oceanic,Humid,Rainy,Moderate,Atlantic,Changeable,Windy,Cloudy,Mild Winters,Cool Summers,Variable,Unpredictable,Precipitation,Sunshine,Atlantic Storms,Snowfall,Foggy"
Isle of Man,"Oceanic,Mild,Temperate,Maritime,Humid,Cool,Wet,Windy,Rainy,Cloudy,Foggy,Mild Winters,Mild Summers,Variable Weather,Changeable,Cool Summers,Mild Spring,Mild Autumn,Atlantic Influenced,Mild Year-Round"
Israel,"Mediterranean,Humid,Hot,Dry,Arid,Temperate,Rainy,Winters,Summers,Mild,Coastal,Desert,Subtropical,Variable,Humid Continental,Snowy,Cool,Rainfall,Mountainous,Mild Winters"
Italy,"Mediterranean,Mild,Temperate,Hot,Humid,Rainy,Snowy,Summers,Winters,Spring,Autumn,Coastal,Alpine,Foggy,Sunny,Variable,Stormy,Windy,Rainfall,Seasonal"
Jamaica,"Humid,Tropical,Hot,Rainy,Subtropical,Mild,Warm,Humidity,Temperatures,Sunshine,Breezy,Monsoon,Storms,Hurricanes,Rainfall,Dry,Cool,Wet,Seasons,Oceanic"
Japan,"Humid,Temperate,Mild,Rainy,Four seasons,Hot summers,Cold winters,Snowy,Typhoon,Monsoon,Thunderstorms,Foggy,Windy,Damp,Sunny,Tropical,Subtropical,Oceanic,Arctic,Arctic air masses"
Jersey,"Mild,Temperate,Oceanic,Humid,Warm Summers,Cool Winters,Rainy,Windy,Foggy,Cloudy,High Humidity,High Rainfall,Low Sunshine Hours,Variable Weather,Prevailing Westerly Winds,Atlantic Maritime Climate,Mild Winters,Mild Summers,Cool Spring,Mild Autumn"
Jordan,"Dry,Hot,Semi-arid,Temperate,Humid,Desert,Mediterranean,Rainy,Arid,Mild,Cool,Sunny,Windy,Hot Summers,Cold Winters,Low Humidity,High Temperatures,Dusty Conditions,Variable Weather,Unpredictable Rainfall"
Kazakhstan,"Continental,Semi-arid,Hot summers,Cold winters,Low precipitation,High evaporation,Dry climate,Deserts,Steppes,Extreme temperatures,Windy,Variability,Humid continental,Subarctic,Mountainous,Lowland,Highland,Central Asian,Arid,Continental Subarctic"
Kenya,"Humid,Tropical,Arid,Hot,Dry,Variable,Rainy,Monsoonal,Temperate,Mild,Cool,Windy,Sunny,Dry Season,Wet Season,Humid Season,Rainy Season,High Altitude,Coastal,Mountainous"
Kiribati,"Tropical,Warm,Humid,Hot,Wet,Rainy,Dry,Relatively Constant,Moderate,Mild,Windy,Variable,Hot Season,Rainy Season,High Temperatures,Low Humidity,High Humidity,High Rainfall,Low Rainfall,Stormy"
North Korea,"Cold,Humid,Continental,Subarctic,Snowy,Rainy,Windy,Stormy,Hot Summers,Long Winters,Dry,Monsoonal,Variable,Unpredictable,Extreme Temperatures,Heavy Precipitation,High Humidity,Foggy,Harsh Winters,Warm Springs"
South Korea,"Humid,Subtropical,Mild,Temperate,Four Seasons,Rainy,Hot Summers,Cold Winters,Monsoons,Snowy,Windy,Sunny,Cloudy,Foggy,Humid Continental,Oceanic,Continental,Damp,Humid Subtropical,Dry"
Kuwait,"Hot,Dry,Arid,Humid,Sunny,Desert,Windy,Rainy,Humid,Harsh,Dusty,Extreme Temperatures,Intense Sunlight,Unpredictable,Unstable,Scorching,Sandstorms,High Humidity,Uncomfortable,Unpleasant"
Kyrgyzstan,"Continental,Dry,Mild,Hot Summers,Cold Winters,Semi-arid,Subarctic,Windy,Humid,Snowy,Sunny,Rainy,Variable,Mountainous,Low Precipitation,High Altitude,Temperate,High Diurnal Range,Low Humidity,Dry Continental Climate"
Laos,"Tropical,Humid,Monsoon,Rainy,Hot,Temperatures,Warm,Cool,Dry,Humidity,Seasons,Rainfall,Storms,Monsoonal,Floods,Windy,Mountainous,Subtropical,Cooler,Mild"
Latvia,"Mild,Temperate,Maritime,Continental,Humid,Four Seasons,Long Summers,Short Winters,Rainy,Snowy,Windy,Low Temperatures,High Precipitation,Stormy,Foggy,Cloudy,Mild Winters,Cool Summers,Long Spring,Short Autumn"
Lebanon,"Mediterranean,Hot,Humid,Temperate,Mild,Rainy,Dry,Summers,Winters,Snow,Fog,Sunshine,Breezy,Coastal,Mountainous,Stormy,Monsoons,Variable,Arid,Pleasant"
Lesotho,"Tropical,Subtropical,Humid,Temperate,Semi-arid,Cool,Mountainous,Rainy,Dry,Windy,Mild,Hot,Snowy,Cool Summers,Mild Winters,Heavy Rains,Occasional Drought,High Altitude,High Temperatures,Low Humidity"
Liberia,"Humid,Tropical,Hot,Rainy,Wet,Monsoon,Dry,Cooler,Temperate,Humidity,Rainfall,Sunshine,Windy,Mountainous,Coastal,Rainy Season,Dry Season,Inter-tropical Convergence Zone,Harmattan Winds,Dusty"
Libya,"Hot,Dry,Desert,Arid,Mediterranean,Subtropical,Humid,Extremely Hot,Long Summers,Short Winters,Rainy Season,Dusty,Windy,Unpredictable Weather,Hot Winds,Sandstorms,High Temperatures,Low Humidity,Low Rainfall,Coastal Areas Milder"
Liechtenstein,"Alpine,Temperate,Mild,Mountainous,Humid,Continental,Oceanic,Rainy,Snowy,Windy,Sunny,Cloudy,Mild Summers,Cool Winters,High Altitude,Mediterranean Influence,Hot Summers,Occasional Hailstorms,Low Precipitation,Variable Weather"
Lithuania,"Cold,Rainy,Humid,Mild,Temperate,Variable,Breezy,Snowy,Summers,Winters,Wet,Dry,Oceanic,Continental,Foggy,Cloudy,Windy,Sunny,Hot,Chilly"
Luxembourg,"Mild,Temperate,Oceanic,Humid,Rainy,Moderate,Cool,Warm,Changeable,Variable,Windy,Cloudy,Foggy,Snowy,Hot,Sunny,Spring-like,Autumn-like,Summer-like,Winter-like"
Macau,"Humid,Subtropical,Hot,Rainy,Monsoon,Mild,Pleasant,Humid subtropical,Summer,Winter,Spring,Fall,Oceanic,Temperatures,Highs,Lows,Precipitation,Sunshine,Wet,Dry"
Macedonia,"Mediterranean,Continental,Temperate,Mild Winters,Hot Summers,Rainy,Humid,Snowy,Windy,Foggy,Precipitation,Sunshine,Mountainous,Alpine,Storms,Air Pressure,Pollution,Droughts,Cold Spells,Heat Waves"
Madagascar,"Tropical,Humid,Warm,Rainy,Monsoons,Dry Season,Wet Season,Hot,Temperatures,Humidity,Cyclones,Storms,Hurricanes,Windy,Cloudy,Rainfall,Sunshine,Intertropical Convergence Zone,Indian Ocean,Equator"
Malawi,"Humid,Tropical,Hot,Subtropical,Rainy,Wet,Humid Subtropical,Humid Continental,Warm,Mild,Moderate,Variable,Dry,Cool,Temperatures,Seasons,Monsoon,Storms,Fluctuations,Variability"
Malaysia,"Hot,Humid,Tropical,Monsoons,Rainy,Humid,Dry,Warm,Sunny,Temperatures,Equatorial,Seasons,Intertropical Convergence Zone,South-West Monsoon,North-East Monsoon,Inter-Monsoon,Inter-Tropical Discontinuity,Typhoons,Cyclones,Humid Subtropical"
Maldives,"Tropical,Hot,Humid,Monsoons,Rainy,Dry,Warm,Calm,Breezy,Sunny,Cloudy,Windy,Sea Breezes,High Temperatures,Low Temperatures,Mild,Seasonal,Humidity,Oceanic,Pleasant"
Mali,"Hot,Humid,Arid,Desert,Dry,Tropical,Wet,Rainy,Rainfall,Temperatures,High,Low,Rainy Season,Dry Season,Monsoon,Harmattan,Foggy,Windy,Dusty,Stormy"
Malta,"Mediterranean,Hot,Humid,Subtropical,Mild,Sunny,Dry,Pleasant,Rainy,Windy,Long Summers,Short Winters,Temperatures,Rainfall,Oceanic,Maritime,Hot Summers,Mild Winters,Humid Summers,Dry Winters"
Marshall Islands,"Humid,Tropical,Hot,Rainy,Stormy,Windy,Monsoon,Monsoon Season,Wet Season,Dry Season,High Temperatures,Humidity,Ocean Breezes,Sunshine,Cloudy,Cyclones,Hurricanes,Typhoon,El Niño,La Niña"
Martinique,"Tropical,Warm,Humid,Hot,Rainy,Seasonal,Sunny,Mild,Pleasant,Windy,Dry,Average Temperature,Cool,Oceanic,Subtropical,Monsoon,Humidity,Stormy,Thunderstorms,Hurricanes"
Mauritania,"Hot,Dry,Arid,Desert,Sub-tropical,Semi-arid,Humid,Harsh,Unpredictable,Monsoon,Rainy,Windy,Dusty,Coastal,Mild,Oceanic,Temperate,Tropical,Continental,Variable"
Mauritius,"Tropical,Warm,Humid,Temperate,Oceanic,Maritime,Hot,Mild,Rainfall,Summer,Monsoon,Windy,Storms,Cyclones,Sunshine,Humidity,Dry,Cool,Warmth,Moderate"
Mayotte,"Humid,Hot,Tropical,Rainy,Summer,Warm,Tropical Storms,Cyclones,Muggy,Humidity,Oceanic,Calm,Sunny,Breezy,Thunderstorms,Monsoons,Windy,Mild,Humid Subtropical,Temperatures"
Mexico,"Hot,Humid,Temperate,Tropical,Arid,Rainy,Dry,Mild,Warm,Cool,Oceanic,Desert,Subtropical,Monsoon,Mist,Snowy,Stormy,Windy,Sunny,Cloudy"
Micronesia,"Tropical,Humid,Hot,Rainy,Wet,Damp,Cloudy,Monsoon,Stormy,Windy,Muggy,Cyclones,Typhoons,High humidity,High temperatures,High rainfall,Heavy rains,Sunshine,Variability,Inter-tropical Convergence Zone"
Moldova,"Mild,Temperate,Humid,Continental,Warm,Summer,Winter,Rainy,Dry,Sunny,Spring,Foggy,Hot,Mildly Cold,Humid Continental,Windy,Oceanic,Subtropical,Mediterranean,Variable"
Monaco,"Mediterranean,Mild,Temperate,Sunny,Hot Summers,Mild Winters,Humid,Rainy,Oceanic,Subtropical,Low Precipitation,High Temperatures,Low Humidity,Long Summers,Short Winters,Ocean Breezes,Warm Waters,Low Snowfall,Low Storm Activity,Mostly Clear Skies"
Mongolia,"Cold,Continental,Dry,Desert,Windy,Snowy,Humid,Hot,Arid,Temperate,Extreme,Subarctic,Low Temperature,High Temperature,Rainy,Sunny,Sunny Days,Cloudy,Variable,Stormy"
Montserrat,"Tropical,Humid,Hot,Rainy,Windy,Dry,Warm,Mild,Average Temperature,High Temperature,Low Temperature,Rainfall,Sunshine,Humidity,Stormy,Oceanic,Seasons,Monsoon,Hurricanes,Volcanic Activity"
Morocco,"Arid,Dry,Hot,Subtropical,Mediterranean,Desert,Temperate,Humid,Mild,Cool,Rainy,Warm,Sunny,Breezy,Coastal,Mountainous,Humid Subtropical,Continental,Variable,Cooler in the Mountains"
Mozambique,"Tropical,Humid,Hot,Subtropical,Rainy,Dry,Monsoon,Mild,Warm,Harsh,Arid,Cool,Variable,Temperate,Coastal,Oceanic,Windy,Humid Subtropical,Humid Continental,Semi-arid"
Namibia,"Arid,Semi-arid,Dry,Desert-like,Hot,Sunny,Subtropical,Low humidity,Windy,Temperatures vary,Coastal areas cooler,Rainy season,Foggy,Extreme heat,Cold nights,High altitude cooler,High sunshine hours,Low rainfall,Dust storms,Variable weather"
Nauru,"Tropical,Hot,Humid,Arid,Dry,Rainy,Windy,Monsoonal,Wet,Stormy,Muggy,Rainfall,High Temperature,Sunshine,Cloudy,Drizzle,Oceanic,High Humidity,Sea Breeze,Thunderstorms"
Nepal,"Humid,Hot,Tropical,Monsoons,Rainy,Dry,Temperate,Mild,Hazy,Foggy,Windy,Cool,Snowy,Mountainous,High Altitude,Subtropical,Continental,Arctic,Arctic-Alpine,Variable"
Netherlands,"Mild,Temperate,Maritime,Changeable,Cool,Wet,Humid,Windy,Rainy,Cloudy,Foggy,Snowy,Summers,Mild Winters,Oceanic,North Sea,Atlantic,North Atlantic Drift,Mild Summers,Moderate Precipitation"
Netherlands Antilles,"Tropical,Humid,Hot,Rainy,Windy,Dry,Warm,Mild,Moderate,Summery,Year-round,Oceanic,Arid,Subtropical,Temperatures,Humidity,Monsoons,Hurricanes,Trade Winds,Tropical Storms"
New Caledonia,"Tropical,Humid,Hot,Subtropical,Rainy,Mild,Moderate,Pleasant,Dry,High Temperatures,Low Temperatures,Warm,Cool,Windy,Oceanic,Humid Subtropical,Marine,Oceanic Influence,Monsoonal,Rainforest"
New Zealand,"Mild,Temperate,Maritime,Oceanic,Subtropical,Cool,Wet,Humid,Windy,Rainy,Summers,Mild Winters,Moderate Snowfall,Variable Weather,Sunshine,Cloudy,Dry Spells,Foggy,Stormy,Varied Climate"
Nicaragua,"Tropical,Humid,Warm,Hot,Rainy,Dry,Monsoons,Monsoon Season,Wet Season,Rainfall,Hurricanes,High Temperatures,Low Temperatures,Mild Winters,High Humidity,Low Humidity,Cloudy,Windy,Storms,Sunshine"
Niger,"Hot,Arid,Dry,Dusty,Desert,Tropical,Humid,Semi-arid,Subtropical,Rainy,Windy,Monsoon,Temperatures,Rainfall,Saharan,Harmattan,Sahelian,Tropical Savanna,Tropical Monsoon,Wet Season"
Nigeria,"Hot,Humid,Tropical,Wet,Rainy,Dry,Rainforest,Monsoon,Savannah,Desert,Sub-Saharan,Equatorial,Temperate,Intertropical Convergence Zone,Harmattan,Oceanic,High Temperatures,Low Temperatures,High Humidity,Seasonal Rainfall"
N. Mariana Islands,"Tropical,Humid,Warm,Oceanic,Rainy,Monsoon,Hot,Dry,Windy,Sunny,Subtropical,Mild,Muggy,Humidified,Muggy-Humid,Cloudy,Stormy,Variable,Pleasant,Moderate"
Norway,"Cold,Windy,Snowy,Rainy,Humid,Subarctic,Arctic,Temperate,Maritime,Mild,Oceanic,Summers,Winters,Arctic Circle,Warmest Months,Longest Days,Shortest Nights,Highest Temperature,Lowest Temperature,Variable Weather"
Oman,"Hot,Humid,Arid,Desert,Dry,Coastal,Mountainous,Tropical,Subtropical,Monsoons,Temperatures,Rainy Season,Windy,Sunshine,Humidity,Sunshine Hours,Sunshine Duration,Rainfall,Rainy Days,Cloudy Days"
Pakistan,"Hot,Humid,Arid,Dry,Tropical,Monsoon,Desert,Subtropical,Mountainous,Rainy,Snowy,Temperate,Windy,Rainforest,Oceanic,Continental,Severe,Stormy,Storms,Variable"
Palau,"Tropical,Humid,Hot,Rainy,Wet,Warm,Mild,Pleasant,Moderate,High Temperatures,Low Temperatures,Oceanic,Sunny,Humidity,Windy,Monsoons,Typhoon,Dry Season,Wet Season,Rainfall"
Panama,"Tropical,Humid,Hot,Rainy,Wet,Dry,Mild,Seasons,Summer,Winter,Spring,Temperatures,Warm,Cool,Breezy,Windy,Humidity,Rainfall,Sunshine,Cloudy"
Papua New Guinea,"Tropical,Humid,Wet,Rainy,Hot,Monsoonal,Cyclones,High Temperatures,High Humidity,High Rainfall,Coastal,Mountainous,Varied,Dry Season,Wet Season,El Nino,La Nina,Intertropical Convergence Zone,South Pacific Convergence Zone,Intertropical Front"
Paraguay,"Tropical,Humid,Hot,Subtropical,Rainy,Mild,Semi-arid,Wet,Dry,Varied,Changeable,Temperatures,Warm,Cool,Hot Summers,Cool Winters,Windy,High Humidity,Occasional Storms,Heavy Rainfall"
Peru,"Humid,Tropical,Temperate,Dry,Rainy,Variable,Hot,Mild,Cool,Windy,Oceanic,Subtropical,Mountainous,Desert,Coastal,Harsh,Mildly Hot,Mildly Cold,High Altitude,Seasonal"
Philippines,"Tropical,Monsoon,Hot,Humid,Rainy,Wet,Dry,Warm,Cool,Windy,Subtropical,Rainforest,Intertropical Convergence Zone,Typhoon,Storm,Sunshine,Maritime,Mountainous,El Niño,La Niña"
Poland,"Cold,Humid,Temperate,Continental,Rainy,Windy,Snowy,Summers,Mild,Winters,Oceanic,Hot,Fogs,Stormy,Dry,Variable,Sunny,Cloudy,Severe,Wet"
Portugal,"Mild,Temperate,Mediterranean,Maritime,Humid,Oceanic,Warm,Wet,Summer,Winter,Spring,Autumn,Rainy,Variable,Mild Winters,Hot Summers,Sunshine,Coastal,Atlantic,Subtropical"
Puerto Rico,"Tropical,Humid,Warm,Hot,Rainy,Wet,Stormy,Hurricane,Windy,Mild,Rainforest,Arid,Dry,Monsoon,Temperatures,Oceanic,Cool,Milder,Humidity,Ocean Breezes"
Qatar,"Hot,Humid,Desert,Dry,Arid,Sunny,Subtropical,Low Rainfall,Scorching Summers,Mild Winters,High Temperatures,Low Humidity,Dusty,Windy,Sandstorms,Low Precipitation,Unpredictable Weather,Unstable Climate,Extreme Heat,High UV Index"
Reunion,"Tropical,Humid,Hot,Rainy,Stormy,Windy,Cyclones,Monsoons,Wet Seasons,Dry Seasons,High Temperatures,Low Temperatures,Oceanic,Subtropical,Humid Subtropical,Sun-Drenched,High Humidity,Heavy Rainfall,Volcanic,Pleasant"
Romania,"Temperate,Mediterranean,Continental,Humid,Mild,Hot Summers,Cold Winters,Rainy,Snowy,Windy,Foggy,Oceanic,Arid,Subtropical,Polar,Humid Continental,Mountainous,Temperate Continental,Semi-Arid,Monsoon"
Russia,"Cold,Continental,Arctic,Subarctic,Humid,Subtropical,Oceanic,Dry,Variable,Long Summers,Short Winters,Temperature Extremes,Snowy,Rainy,Windy,Foggy,Sunny,Mild,Hot,Humid Continental"
Rwanda,"Tropical,Rainy,Humid,Warm,Temperate,Mild,Cool,Hot,Dry,Wet,Pleasant,Moderate,Variable,Seasonal,Rainforest,Mountainous,Sunny,Windy,Cloudy,Variable Humidity"
Saint Helena,"Subtropical,Rainy,Humid,Mild,Oceanic,Maritime,Temperate,Warm,Dry,Hot,Cool,Variable,Windy,Stormy,Sunny,Pleasant,Changeable,Moderate,Tropical,Cloudy"
Saint Kitts & Nevis,"Tropical,Humid,Hot,Rainy,Summer,Dry,Windy,Warm,Mild,Cool,Pleasant,Humid,Arid,Sunny,Rainfall,Monsoon,Hurricane,Temperatures,Sea Breezes,Fertile Soil"
Saint Lucia,"Tropical,Hot,Humid,Warm,Dry Season,Rainy Season,Moderate,Temperatures,Trade Winds,Humidity,Sunshine,Caribbean,Caribbean Sea,Atlantic Ocean,Daylight,Nighttime,Hurricane Season,Monsoon,Climate Change,Rainfall"
St Pierre & Miquelon,"Maritime,Oceanic,Temperate,Mild,Humid,Subarctic,Windy,Precipitation,Rainfall,Snowfall,Foggy,Cool Summers,Mild Winters,Moderate Temperatures,Ocean Breezes,Stormy,Humid Continental,Arctic Air Masses,Arctic Fronts,Arctic Outbreaks"
Saint Vincent and the Grenadines,"Tropical,Humid,Warm,Oceanic,Maritime,Rainy,Hot,Moderate,Temperatures,Sunny,Breezy,Humidity,Rainfall,Pleasant,Mild,Arid,Cool,Windy,Dry,Variable"
Samoa,"Tropical,Humid,Hot,Rainy,Warm,Dry,Pleasant,Monsoonal,Oceanic,Mild,Windy,Pleasant,Cool,Hot,Humid,Stormy,Sunny,Variable,Wet,Moderate"
San Marino,"Mild,Mediterranean,Temperate,Oceanic,Humid,Warm,Summers,Winters,Rainy,Snowy,Foggy,Sunny,Pleasant,Breezy,Changeable,Stormy,Cool,Variable,Dry,Mildly Hot"
Sao Tome & Principe,"Tropical,Equatorial,Humid,Hot,Wet,Rainy,Monsoon,Moderate,Temperatures,Lowland,Coastal,Rainforest,Dry,Seasonal,Windy,Storms,Humidity,Cloudy,Oceanic,Mild"
Saudi Arabia,"Hot,Dry,Arid,Desert,Humid,Sunny,Temperatures,Extreme,Scorching,Harsh,Rainfall,Low,Cool,Winter,Summer,Dusty,Windy,Foggy,Monsoon,Sandstorms"
Senegal,"Hot,Humid,Tropical,Dry,Temperatures,Rainfall,Arid,Rainy,Seasonal,Subtropical,Wet,Monsoons,Windy,Sunshine,Coastal,Heat,Humidity,Precipitation,Rainy Season,Dusty"
Serbia,"Humid,Continental,Hot Summers,Cold Winters,Mild Springs,Mild Autumns,Subtropical Climate,Mediterranean Climate,Mountain Climate,Rainy,Snowy,Windy,Foggy,Sunny,Dry,Humid Continental,Temperate Continental,Oceanic Climate,Humid Subtropical,Temperate Oceanic"
Seychelles,"Tropical,Hot,Humid,Warm,Wet,Windy,Rainy,Monsoon,Subtropical,Mild,Oceanic,Pleasant,Breezy,Sunny,Humid,Dry,Cloudy,Moderate,Cool,Temperate"
Sierra Leone,"Tropical,Hot,Humid,Rainy,Monsoons,Wet,Dry,Temperate,Rainforest,Wet Season,Dry Season,Humidity,Heat,Sunshine,Rainfall,Windy,Storms,Cloudy,Foggy,Thunderstorms"
Singapore,"Humid,Hot,Tropical,Rainy,Monsoons,Stormy,Thunderstorms,High Temperatures,High Humidity,Inter-Monsoon Periods,Rainy Season,Dry Season,High Rainfall,Intertropical Convergence Zone,South-West Monsoon,North-East Monsoon,Inter-Monsoon Showers,Inter-Tropical Front,Inter-Tropical Discontinuity,Inter-Tropical Convergence Zone"
Slovakia,"Temperate,Humid,Continental,Mild,Oceanic,Warm Summers,Cool Winters,Rainy,Snowy,Variable,Changeable,Stormy,Windy,Foggy,Sunny,Cloudy,Precipitation,Humid Continental,Mild Sub-Mediterranean,Alpine Tundra"
Slovenia,"Mild,Mediterranean,Temperate,Continental,Oceanic,Humid,Rainy,Snowy,Hot Summers,Cold Winters,Sunny,Warm,Alpine,Foggy,Windy,Dry Summers,Pleasant,Varied,Changeable,Unpredictable"
Solomon Islands,"Tropical,Humid,Rainy,Warm,Hot,Oceanic,Maritime,Monsoonal,Wet,Cloudy,Moderate,Variable,Cyclones,Typhoons,Storms,Windy,Humid,Sunny,Cool,Mild"
Somalia,"Hot,Arid,Semi-arid,Dry,Humid,Tropical,Desert,Coastal,Temperate,Monsoon,Rainy,Windy,Scorching,Unpredictable,Unstable,Harsh,Variable,Extreme,Severe,Unforgiving"
South Africa,"Mild,Subtropical,Temperate,Mediterranean,Humid,Semi-arid,Arid,Hot,Cold,Rainy,Dry,Summers,Winters,Stormy,Coastal,Mountainous,Variable,Changeable,Extreme,Unpredictable"
Spain,"Mediterranean,Hot,Dry,Humid,Temperate,Subtropical,Mild,Rainy,Oceanic,Mild winters,Hot summers,Snowy,Arid,Sunny,Windy,Humid subtropical,Continental,Variable,Cold,Stormy"
Sri Lanka,"Tropical,Monsoons,Humid,Hot,Rainy,Dry,Warm,Cool,Summer,Winter,Inter-monsoonal,Temperatures,Rainfall,Sea Breezes,South-West Monsoon,North-East Monsoon,Relative Humidity,Sunshine Hours,Cloud Cover,Monsoon Troughs"
Sudan,"Hot,Arid,Dry,Desert,Humid,Tropical,Subtropical,Temperate,Subhumid,Rainy,Rainfall,Monsoon,Dusty,Windy,Humidity,Precipitation,Sunshine,Heat,Cold,Cool"
Suriname,"Humid,Tropical,Hot,Rainy,Wet,Average Temperature,High Temperature,Low Temperature,Monsoon,Dry Season,Wet Season,Rainforest,Storms,Hurricanes,Thunderstorms,High Humidity,Windy,Coastal,Intertropical Convergence Zone,Atlantic Ocean"
Swaziland,"Humid,Subtropical,Hot,Rainy,Semi-arid,Dry,Summer,Winter,Warm,Mild,Temperatures,Rainfall,Cool,Breezy,Thunderstorms,Sunshine,Highs,Lows,Humidity,Monsoons"
Sweden,"Cold,Temperate,Humid,Mild,Arctic,Subarctic,Oceanic,Continental,Four Seasons,Summer,Spring,Winter,Fall,Rainy,Snowy,Windy,Cloudy,Foggy,Sunny,Dry"
Switzerland,"Alpine,Mild,Temperate,Varied,Changeable,Four Seasons,Humid,Rainy,Snowy,Cool,Pleasant,Windy,Sunny,Moderate,Hot Summers,Cool Winters,Mountain Climate,Valley Climate,Lake Climate,Continental Climate"
Syria,"Hot,Humid,Arid,Desert,Dry,Temperate,Mediterranean,Continental,Extreme,Rainy,Subtropical,Sunny,Windy,Snowy,Monsoon,Mountainous,Coastal,Mild,Variable,Stormy"
Taiwan,"Humid,Subtropical,Hot,Rainy,Tropical,Monsoon,Mild,Dry,Moderate,Cool,Oceanic,Temperate,Warm,Windy,Hazy,Foggy,Cloudy,Thunderstorms,Sunny,Humid Subtropical"
Tajikistan,"Arid,Semi-arid,Continental,Mountainous,Dry,Hot Summers,Cold Winters,Low Humidity,Extreme Temperatures,Rainfall Variability,Snowfall,Windy,High Altitude,Dust Storms,Foggy,Sunny,Subtropical,Monsoons,Humid,Mild Winters"
Tanzania,"Hot,Humid,Tropical,Arid,Dry,Temperatures,Rainy,Seasons,Rainfall,,Monsoons,Windy,Humidity,Mild,Cool,Stormy,Heatwaves,Drought,Dry Spells,Wet Spells"
Thailand,"Tropical,Humid,Monsoon,Hot,Warm,Rainy,Wet,Dry,Humidity,Temperature,Seasons,Heat,Sunshine,Cool,Windy,Monsoonal,Mild,Cloudy,Stormy,Variable"
Togo,"Tropical,Hot,Humid,Rainy,Dry,Temperatures,Rainfall,Seasons,Monsoon,Sunshine,Humidity,Coastal,Savannah,Arid,Semi-arid,Cool,Windy,Hotter,Storms,Rainy season"
Tonga,"Tropical,Hot,Humid,Rainy,Warm,Oceanic,Wet,Mild,Windy,Subtropical,Coastal,Sunny,Temperatures,Rainfall,Storms,Cyclones,Humidity,Monsoons,Seasonal,Maritime"
Trinidad & Tobago,"Tropical,Humid,Hot,Rainy,Wet,Warm,Sunny,Temperatures,Humidity,Monsoon,Storms,Windy,Dry,Rainfall,Mild,Hurricanes,Oceanic,Seasons,Climate Change,Caribbean"
Tunisia,"Mediterranean,Semi-arid,Hot,Dry,Humid,Mild,Temperate,Rainy,Sunny,Breezy,Windy,Warm,Cool,Summers,Winters,Wet,Desert,Coastal,Humid Subtropical,Continental"
Turkey,"Hot,Humid,Mediterranean,Temperate,Arid,Dry,Mild,Rainy,Subtropical,Continental,Four Seasons,Summer,Winter,Spring,Autumn,Sunny,Snowy,Stormy,Windy,Variable"
Turkmenistan,"Arid,Continental,Desert,Dry,Extreme,Hot,Humid,Mild,Moderate,Monsoon,Mountainous,Rainy,Semi-arid,Semi-desert,Semi-humid,Semi-tropical,Subtropical,Temperate,Windy,Variable"
Turks & Caicos Is,"Tropical,Sub-tropical,Warm,Humid,Hot,Sunny,Rainy,Windy,Mild,Dry,Arid,Oceanic,Maritime,Moderate,Temperate,Pleasant,Calm,Breezy,Balmy,Comfortable"
Tuvalu,"Tropical,Hot,Humid,Rainy,Warm,Oceanic,Wet,Subtropical,Mild,Pleasant,Sunny,Windy,Stormy,Constant,Calm,Dry,Variable,Cool,Muggy,Hot Season"
Uganda,"Tropical,Humid,Rainy,Hot,Temperatures,Rainforest,Monsoon,Sunshine,Dry,Wet,Seasons,Equatorial,Cool,Mild,Humidity,Rains,Windy,Cooler,Heat,Variations"
Ukraine,"Humid,Continental,Temperate,Mild,Hot,Cold,Rainy,Snowy,Windy,Stormy,Summers,Winters,Oceanic,Subtropical,Arctic,Mediterranean,Wet,Dry,Extreme,Variable"
United Arab Emirates,"Hot,Humid,Arid,Desert,Sunny,Dry,Rainy,Subtropical,Tropical,Mild,Moderate,Temperatures,Long Summers,Hot Winters,Rainfall,Humidity,Dust Storms,Sandstorms,Sea Breezes,Coastal Areas"
United Kingdom,"Mild,Temperate,Changeable,Rainy,Humid,Windy,Oceanic,Variable,Cool,Showers,Cloudy,Overcast,Drizzly,Foggy,Cold,Sunny,Warm,Summers,Winters,Precipitation"
United States,"Temperature,Humidity,Precipitation,Wind,Storms,Drought,Cold,Heat,Fog,Snow,Rain,Hurricanes,Tornadoes,Blizzards,Arctic Air,Monsoons,Wildfires,Heat Waves,Thunderstorms,El Niño/La Niña"
Uruguay,"Mild,Temperate,Humid,Subtropical,Warm,Oceanic,Four Seasons,Rainy,Hot,Cold,Windy,Dry,Pleasant,Moderate,Sunny,Humid Subtropical,Cool,Variable,Mild Winters,Hot Summers"
Uzbekistan,"Hot,Arid,Semi-arid,Desert,Humid,Continental,Dry,Harsh,Extreme,Subtropical,Temperate,Mild,Snowy,Rainy,Windy,Sunny,Foggy,Cloudy,Stormy,Variable"
Vanuatu,"Tropical,Hot,Humid,Rainy,Wet,Warm,Sunny,Pleasant,Windy,Monsoons,Wet Season,Dry Season,Cyclones,Earthquakes,Hurricanes,Volcanic Activity,Oceanic,Mild,Cool Nights,Sub-Tropical"
Venezuela,"Humid,Tropical,Hot,Rainy,Dry,Temperate,Windy,Wet,Cloudy,Cool,Humidity,High Temperatures,Warm,Rainforest,Mountainous,Arid,Monsoon,Stormy,Coastal,Variable"
Vietnam,"Humid,Tropical,Monsoons,Rainy,Hot,Temperate,Dry,Mild,Subtropical,Wet,Cool,Harsh,Warm,Seasonal,Changeable,Variable,Humid Subtropical,Muggy,Windy,Humid Continental"
Virgin Islands,"Tropical,Humid,Warm,Oceanic,Subtropical,Hot,Rainy,Sunny,Breezy,Arid,Mild,Dry,Humidity,Temperatures,Rainfall,Hurricanes,Thunderstorms,Trade Winds,Monsoons,Ocean Currents"
Wallis and Futuna,"Humid,Tropical,Oceanic,Mild,Wet,Hot,Windy,Rainy,Stormy,10.Cloudy,11.Sunny,12.Humid,13.Temperate,14.Warm,Subtropical,16.Dry,17.Muggy,Continental,Monsoon,Tropical"
West Bank,"Hot,Dry,Mediterranean,Semi-arid,Humid,Summers,Winters,Rainy,Variable,Temperatures,Desert-like,Continental,Highs,Lows,Rainfall,Snowfall,Storms,Foggy,Windy,Mild"
Western Sahara,"Arid,Desert,Hot,Dry,Humid,Extremely Hot,Windy,Low Rainfall,Dusty,High Temperatures,Low Humidity,Sandy,Cool Nights,Coastal Fog,Cool Winters,Unpredictable Weather,Long Summers,High Pressure Systems,Low Pressure Systems,Unstable Climate"
Yemen,"Hot,Dry,Arid,Desert,Humid,Subtropical,Monsoon,Rainy,Windy,Temperatures,Harsh,Coastal,Mountainous,Extreme,Variability,Cyclones,Floods,Drought,Dust storms,Foggy"
Zambia,"Tropical,Humid,Hot,Rainy,Dry,Semiarid,Subtropical,Mild,Temperate,Cool,Monsoonal,Wet,Seasonal,Variable,Cooler,Hotter,Rainfall,Sunshine,Windy,Humidity"
Zimbabwe,"Tropical,Humid,Hot,Subtropical,Monsoonal,Semi-arid,Dry,Rainy,Warm,Mild,Temperatures,Variations,Cool,Cooler,Seasons,Rainfall,Humidity,Windy,Sunshine,Storms"
